"","baseMean","log2FoldChange","lfcSE","stat","pvalue","padj"
"ENSG00000267062.1|ENSG00000267062",6.93765851022458,19.1256195468832,2.38924711064409,8.00487294163864,1.19590086099959e-15,6.84150964560645e-11
"ENSG00000268083.5|ENSG00000268083",8.79723776707818,19.4516166382575,3.04780350722577,6.38217542310106,1.74589796690748e-10,4.99396654454216e-06
